match_id,team_a,team_b,outcome,elo_a,elo_b,p_a,p_draw,p_b
m01,Mexico,South Africa,team_a_win,1977.0,1666.7,0.8024,0.152,0.0456
m02,Korea Republic,Czechia,team_a_win,1877.7,1794.7,0.4753,0.2764,0.2483
m03,USA,Paraguay,team_a_win,1825.4,1913.7,0.3862,0.2867,0.3271
m04,Canada,Bosnia and Herzegovina,draw,1895.6,1629.7,0.7708,0.17,0.0592
m05,Qatar,Switzerland,draw,1581.0,1944.0,0.0694,0.186,0.7447
m06,Brazil,Morocco,draw,2070.1,1979.6,0.4846,0.2747,0.2407
m07,Haiti,Scotland,team_b_win,1706.2,1840.6,0.2219,0.2719,0.5062
m08,Australia,Türkiye,team_a_win,1884.9,1966.1,0.277,0.2827,0.4404
m09,Germany,Curaçao,team_a_win,1999.9,1615.8,0.7842,0.1625,0.0533
m10,Netherlands,Japan,draw,2005.0,1982.9,0.399,0.2859,0.3151
m11,Côte d'Ivoire,Ecuador,team_a_win,1808.1,2024.1,0.1518,0.246,0.6021
m12,Sweden,Tunisia,team_a_win,1758.0,1725.7,0.4117,0.2849,0.3034
m13,Spain,Cabo Verde,draw,2214.4,1636.3,0.889,0.0948,0.0162
m14,IR Iran,New Zealand,draw,1895.3,1719.2,0.588,0.2485,0.1635
m15,Saudi Arabia,Uruguay,draw,1690.9,1972.2,0.1087,0.2203,0.671
m16,Belgium,Egypt,draw,1955.2,1819.1,0.5407,0.2621,0.1972
m17,Austria,Jordan,team_a_win,1887.2,1754.7,0.5364,0.2632,0.2004
m18,France,Senegal,team_a_win,2122.6,1913.9,0.6246,0.2361,0.1393
m19,Iraq,Norway,team_b_win,1744.8,1964.9,0.1489,0.2445,0.6066
m20,Argentina,Algeria,team_a_win,2185.0,1883.0,0.7178,0.1971,0.0851
m21,Portugal,Congo DR,draw,2041.6,1760.9,0.6982,0.2062,0.0956
m22,England,Croatia,team_a_win,2087.9,1959.9,0.5309,0.2646,0.2045
m23,Ghana,Panama,team_a_win,1606.6,1853.8,0.1299,0.2341,0.636
m24,Uzbekistan,Colombia,team_b_win,1809.2,2059.5,0.1278,0.2329,0.6393
m25,Mexico,Korea Republic,team_a_win,1977.0,1877.7,0.6143,0.2398,0.1459
m26,Canada,Qatar,team_a_win,1895.6,1581.0,0.8052,0.1503,0.0445
m27,Switzerland,Bosnia and Herzegovina,team_a_win,1944.0,1629.7,0.7287,0.1918,0.0794
m28,Czechia,South Africa,draw,1794.7,1666.7,0.5308,0.2646,0.2046
m29,USA,Australia,team_a_win,1825.4,1884.9,0.422,0.2839,0.2942
m30,Türkiye,Paraguay,team_b_win,1966.1,1913.7,0.437,0.2821,0.2809
m31,Brazil,Haiti,team_a_win,2070.1,1706.2,0.7692,0.1709,0.0599
m32,Scotland,Morocco,team_b_win,1840.6,1979.6,0.2176,0.2707,0.5118
m33,Tunisia,Japan,team_b_win,1725.7,1982.9,0.1233,0.2301,0.6466
m34,Ecuador,Curaçao,draw,2024.1,1615.8,0.801,0.1528,0.0462
m35,Germany,Côte d'Ivoire,team_a_win,1999.9,1808.1,0.6059,0.2427,0.1514
m36,Netherlands,Sweden,team_a_win,2005.0,1758.0,0.6651,0.2205,0.1144
m37,New Zealand,Egypt,team_b_win,1719.2,1819.1,0.2568,0.2795,0.4637
m38,Uruguay,Cabo Verde,draw,1972.2,1636.3,0.747,0.1826,0.0704
m39,Belgium,IR Iran,draw,1955.2,1895.3,0.4463,0.2809,0.2728
m40,Spain,Saudi Arabia,team_a_win,2214.4,1690.9,0.8658,0.1113,0.0229
m41,Jordan,Algeria,team_b_win,1754.7,1883.0,0.228,0.2734,0.4987
m42,Norway,Senegal,team_a_win,1964.9,1913.9,0.4352,0.2824,0.2825
m43,France,Iraq,team_a_win,2122.6,1744.8,0.7796,0.1651,0.0553
m44,Argentina,Austria,team_a_win,2185.0,1887.2,0.714,0.1989,0.0871
m45,Colombia,Congo DR,team_a_win,2059.5,1760.9,0.7147,0.1986,0.0867
m46,Panama,Croatia,team_b_win,1853.8,1959.9,0.2504,0.2783,0.4713
m47,England,Ghana,draw,2087.9,1606.6,0.8448,0.1255,0.0297
m48,Portugal,Uzbekistan,team_a_win,2041.6,1809.2,0.65,0.2265,0.1234
m49,South Africa,Korea Republic,team_a_win,1666.7,1877.7,0.1557,0.2479,0.5965
m50,Czechia,Mexico,team_b_win,1794.7,1977.0,0.1081,0.2199,0.672
m51,Morocco,Haiti,team_a_win,1979.6,1706.2,0.6912,0.2093,0.0994
m52,Scotland,Brazil,team_b_win,1840.6,2070.1,0.1421,0.241,0.617
m53,Bosnia and Herzegovina,Qatar,team_a_win,1629.7,1581.0,0.4323,0.2827,0.285
m54,Switzerland,Canada,team_a_win,1944.0,1895.6,0.3102,0.2861,0.4037
m55,Curaçao,Côte d'Ivoire,team_b_win,1615.8,1808.1,0.1704,0.2545,0.5751
m56,Ecuador,Germany,team_a_win,2024.1,1999.9,0.4016,0.2857,0.3127
m57,Japan,Sweden,draw,1982.9,1758.0,0.6421,0.2296,0.1283
m58,Tunisia,Netherlands,team_b_win,1725.7,2005.0,0.1099,0.2211,0.669
m59,Türkiye,USA,team_a_win,1966.1,1825.4,0.4222,0.2838,0.2939
m60,Paraguay,Australia,draw,1913.7,1884.9,0.4073,0.2852,0.3075
m61,New Zealand,Belgium,team_b_win,1719.2,1955.2,0.1375,0.2385,0.6241
m62,Egypt,IR Iran,draw,1819.1,1895.3,0.2825,0.2834,0.4341
m63,Cabo Verde,Saudi Arabia,draw,1636.3,1690.9,0.3068,0.2859,0.4073
m64,Uruguay,Spain,team_b_win,1972.2,2214.4,0.1332,0.2361,0.6307
m65,Senegal,Iraq,team_a_win,1913.9,1744.8,0.5798,0.2511,0.1692
m66,Norway,France,team_b_win,1964.9,2122.6,0.2002,0.2655,0.5343
m67,Algeria,Austria,draw,1883.0,1887.2,0.3665,0.2874,0.346
m68,Jordan,Argentina,team_b_win,1754.7,2185.0,0.0469,0.1584,0.7947
m69,Colombia,Portugal,draw,2059.5,2041.6,0.3938,0.2862,0.32
m70,Congo DR,Uzbekistan,team_a_win,1760.9,1809.2,0.3141,0.2864,0.3995
m71,Croatia,Ghana,team_a_win,1959.9,1606.6,0.761,0.1753,0.0637
m72,Panama,England,team_b_win,1853.8,2087.9,0.1388,0.2392,0.622
m73,South Africa,Canada,team_b_win,1666.7,1895.6,0.084,0.2003,0.7156
m74,Germany,Paraguay,draw,1999.9,1913.7,0.4793,0.2756,0.2451
m75,Netherlands,Morocco,draw,2005.0,1979.6,0.4031,0.2856,0.3113
m76,Brazil,Japan,team_a_win,2070.1,1982.9,0.4805,0.2754,0.244
m77,Mexico,Ecuador,team_a_win,1977.0,2024.1,0.4375,0.2821,0.2804
m78,France,Sweden,team_a_win,2122.6,1758.0,0.7698,0.1706,0.0597
m79,Côte d'Ivoire,Norway,team_b_win,1808.1,1964.9,0.2009,0.2657,0.5333
m80,USA,Bosnia and Herzegovina,team_a_win,1825.4,1629.7,0.7122,0.1998,0.088
m81,Belgium,Senegal,team_a_win,1955.2,1913.9,0.423,0.2837,0.2932
m82,England,Congo DR,team_a_win,2087.9,1760.9,0.7396,0.1864,0.074
m83,Switzerland,Algeria,team_a_win,1944.0,1883.0,0.4477,0.2807,0.2716
m84,Portugal,Croatia,team_a_win,2041.6,1959.9,0.4737,0.2766,0.2497
m85,Spain,Austria,team_a_win,2214.4,1887.2,0.7397,0.1864,0.0739
m86,Colombia,Ghana,team_a_win,2059.5,1606.6,0.8289,0.1357,0.0353
m87,Argentina,Cabo Verde,team_a_win,2185.0,1636.3,0.877,0.1034,0.0195
m88,Australia,Egypt,draw,1884.9,1819.1,0.4537,0.2799,0.2664
m89,Paraguay,France,team_b_win,1913.7,2122.6,0.1573,0.2486,0.5941
m90,Canada,Morocco,team_b_win,1895.6,1979.6,0.3915,0.2864,0.3222
m91,Mexico,England,team_b_win,1977.0,2087.9,0.3585,0.2876,0.3539
m92,Brazil,Norway,team_b_win,2070.1,1964.9,0.5029,0.271,0.2261
m93,USA,Belgium,team_b_win,1825.4,1955.2,0.3358,0.2874,0.3768
m94,Portugal,Spain,team_b_win,2041.6,2214.4,0.1868,0.2609,0.5523
m95,Switzerland,Colombia,draw,1944.0,2059.5,0.2407,0.2763,0.4829
m96,Argentina,Egypt,team_a_win,2185.0,1819.1,0.7707,0.17,0.0592
m97,France,Morocco,team_a_win,2122.6,1979.6,0.5489,0.2599,0.1911
m98,Spain,Belgium,team_a_win,2214.4,1955.2,0.6773,0.2154,0.1073
m99,Argentina,Switzerland,team_a_win,2185.0,1944.0,0.659,0.223,0.118
m100,Norway,England,team_b_win,1964.9,2087.9,0.2332,0.2746,0.4922
m101,France,Spain,team_b_win,2122.6,2214.4,0.2655,0.281,0.4536
m102,England,Argentina,team_b_win,2087.9,2185.0,0.2599,0.28,0.4601
m103,France,England,team_b_win,2122.6,2087.9,0.4147,0.2846,0.3007
m104,Spain,Argentina,team_a_win,2214.4,2185.0,0.4081,0.2852,0.3067
